metric,p_start,p_end,delta,z_endpoint,p_endpoint,z_trend,p_trend
reliance_rate,0.45,0.7275,0.2775,7.976,1.5172791622504918e-15,12.915,3.682379688801044e-38
unfaithfulness_rate_kw,0.325,0.5925,0.2675,7.592,3.1519247479090876e-14,12.243,1.8362550093804165e-34
monitor_recall,0.2778,0.1856,-0.0922,-2.344,0.019059534803608048,-4.042,5.300009235279183e-05
